{
    "loss": 29.932729721069336,
    "accuracy": 0.48201438784599304
}