{
    "loss": 5.509491443634033,
    "accuracy": 0.5035971403121948
}